Sr,Episode (as given),FB Reel link,Original YouTube link,Note
1,1,https://www.facebook.com/reel/1132092672813934,,
2,2,https://www.facebook.com/reel/1583186146588440,,
3,3,https://www.facebook.com/reel/1041407611856770,,
4,4,https://www.facebook.com/reel/2249328792583328,,
5,5,https://www.facebook.com/reel/1041481165178704,,
6,6,https://www.facebook.com/reel/2530081240791440,,
7,7,https://www.facebook.com/reel/1597436242099048,,
8,7,https://www.facebook.com/reel/1106401855293154,,Second reel for ep 7
9,8,https://www.facebook.com/reel/1643138103997353,,
10,9,https://www.facebook.com/reel/1614290060260019,,
11,10,https://www.facebook.com/reel/1293851993817666,,
12,11,https://www.facebook.com/reel/1757807885499950,,
13,12,https://www.facebook.com/reel/2502789743557470,,
14,13,https://www.facebook.com/reel/1674405197431536,,
15,14,https://www.facebook.com/reel/1088834693845435,,
16,14,https://www.facebook.com/reel/1075440061655116,,Second reel for ep 14
17,15,https://www.facebook.com/reel/4644170625900460,,
18,16,https://www.facebook.com/reel/1105867862099235,,
19,16,https://www.facebook.com/reel/1633598601478609,,Second reel for ep 16
20,17,https://www.facebook.com/reel/1229157193331318,,
21,18,https://www.facebook.com/reel/1603682114534919,,
22,19,https://www.facebook.com/reel/1398483071784559,,
23,20,https://www.facebook.com/reel/1999990083992896,,
24,21,https://www.facebook.com/reel/1616090470192996,,
25,22,https://www.facebook.com/reel/1582097717284057,,
26,23,https://www.facebook.com/reel/1775765303634365,,
27,21?,https://www.facebook.com/reel/1037494759263613,,Episode no. to confirm (24?)
28,21?,https://www.facebook.com/reel/1830808764759448,,Episode no. to confirm
29,22?,https://www.facebook.com/reel/1122401140351290,,Episode no. to confirm (25?)
30,22?,https://www.facebook.com/reel/1081065247867096,,Episode no. to confirm
31,22?,https://www.facebook.com/reel/2063492667607296,,Episode no. to confirm (26?)
32,29,https://www.facebook.com/reel/1066061456261326,,
33,28,https://www.facebook.com/reel/3086709155088497,,
34,27,https://www.facebook.com/reel/1594744565465871,,
35,28,https://www.facebook.com/reel/1096774193279865,,Second reel for ep 28
